City_ID,City,Country,Lat,Lng,Max Temp,Humidity,Cloudiness,Wind Speed,Weather Description
0,Karratha,AU,-20.7377,116.8463,82.0,75,92,12.21,light rain
1,Puerto Ayora,EC,-0.7393,-90.3518,86.0,62,20,14.97,few clouds
2,Exeter,GB,50.7236,-3.5275,42.8,81,20,3.44,few clouds
3,Ushuaia,AR,-54.8,-68.3,42.8,70,40,32.21,scattered clouds
4,Ilulissat,GL,69.2167,-51.1,33.8,80,75,10.36,snow
5,Qui Nhon,VN,13.7667,109.2333,73.9,88,35,5.61,scattered clouds
6,Dingle,PH,10.9995,122.6711,73.99,87,66,5.46,light rain
7,Vuktyl,RU,63.8567,57.3094,38.88,84,100,17.47,overcast clouds
8,North Bend,US,43.4065,-124.2243,55.0,58,90,12.66,overcast clouds
9,Chokurdakh,RU,70.6333,147.9167,-4.79,88,99,5.41,overcast clouds
10,Xichang,CN,27.8964,102.2634,62.01,49,97,1.16,overcast clouds
11,Constitucion,CL,-35.3333,-72.4167,59.95,80,11,4.41,few clouds
12,Nadym,RU,65.5333,72.5167,28.53,93,100,9.86,overcast clouds
13,Rikitea,PF,-23.1203,-134.9692,76.46,64,16,2.44,few clouds
14,Bluff,NZ,-46.6,168.3333,54.0,89,5,1.99,clear sky
15,Sayyan,YE,15.1718,44.3244,56.5,19,17,4.56,few clouds
16,Tautira,PF,-17.7333,-149.15,87.8,66,40,5.75,scattered clouds
17,Vanimo,PG,-2.6741,141.3028,78.13,87,100,3.53,overcast clouds
18,Tasiilaq,GL,65.6145,-37.6368,15.8,79,25,6.91,scattered clouds
19,Castro,BR,-24.7911,-50.0119,64.87,79,91,8.41,overcast clouds
20,Killybegs,IE,54.6333,-8.45,39.99,92,99,1.01,overcast clouds
21,Mataura,NZ,-46.1927,168.8643,54.0,89,0,1.99,clear sky
22,Prado,BR,-17.3411,-39.2208,74.73,80,92,11.5,overcast clouds
23,Bitkine,TD,11.9801,18.2138,88.66,11,45,6.13,scattered clouds
24,Padilla,CO,3.2204,-76.3139,82.4,57,75,16.11,broken clouds
25,Seinajoki,FI,62.7945,22.8282,28.0,86,0,4.61,clear sky
26,Bredasdorp,ZA,-34.5322,20.0403,55.4,94,7,4.61,clear sky
27,Qasigiannguit,GL,68.8193,-51.1922,33.8,80,75,10.36,light snow
28,Wajid,SO,3.8093,43.2471,81.03,64,100,19.13,overcast clouds
29,Albany,US,42.6001,-73.9662,75.2,35,20,4.61,few clouds
30,Provideniya,RU,64.3833,-173.3,3.2,66,20,5.23,fog
31,Arraial Do Cabo,BR,-22.9661,-42.0278,75.2,83,40,4.61,scattered clouds
32,Yangjiang,CN,21.85,111.9667,67.46,85,100,9.26,overcast clouds
33,Punta Arenas,CL,-53.15,-70.9167,48.2,66,0,25.32,clear sky
34,Souillac,MU,-20.5167,57.5167,78.8,73,40,11.5,scattered clouds
35,Jamestown,US,42.097,-79.2353,78.8,29,20,13.8,few clouds
36,Georgiyevskoye,RU,58.731,45.024,33.57,90,100,15.48,overcast clouds
37,Kapaa,US,22.0752,-159.319,78.8,53,40,16.11,light rain
38,Yar-Sale,RU,66.8333,70.8333,31.6,81,100,13.78,overcast clouds
39,Barrow,US,71.2906,-156.7887,-14.8,64,20,9.22,few clouds
40,Lompoc,US,34.6391,-120.4579,60.8,59,60,16.11,broken clouds
41,Hilo,US,19.7297,-155.09,77.0,57,75,11.5,broken clouds
42,Avarua,CK,-21.2078,-159.775,80.6,89,90,8.05,overcast clouds
43,Klaksvik,FO,62.2266,-6.589,28.4,69,75,32.21,light snow
44,Busselton,AU,-33.65,115.3333,46.0,85,0,1.99,clear sky
45,Brazzaville,CG,-4.2658,15.2832,80.6,78,100,3.44,overcast clouds
46,Asti,IT,44.8979,8.2068,46.0,81,14,1.01,few clouds
47,Tateyama,JP,34.9833,139.8667,52.0,64,29,16.02,scattered clouds
48,Dudinka,RU,69.4058,86.1778,-5.57,96,72,2.84,broken clouds
49,San Patricio,US,28.017,-97.5169,91.4,40,1,18.41,clear sky
50,Baculin,PH,7.4525,126.5842,76.3,91,100,4.88,overcast clouds
51,Tatawin,TN,32.9297,10.4518,53.6,66,22,8.05,few clouds
52,Khatanga,RU,71.9667,102.5,-21.23,100,100,3.85,overcast clouds
53,Esperance,AU,-33.8667,121.9,59.0,100,90,10.36,overcast clouds
54,Codrington,AU,-38.2667,141.9667,57.15,65,100,13.18,overcast clouds
55,Hobart,AU,-42.8794,147.3294,53.6,62,75,5.75,broken clouds
56,Birjand,IR,32.8663,59.2211,55.4,18,0,9.22,clear sky
57,Walvis Bay,NA,-22.9575,14.5053,66.2,68,2,3.44,clear sky
58,Carnarvon,AU,-24.8667,113.6333,73.4,83,60,8.05,broken clouds
59,Kloulklubed,PW,7.0419,134.2556,78.8,89,75,3.44,broken clouds
60,Katangli,RU,51.7102,143.2326,21.4,84,100,23.06,overcast clouds
61,Lorengau,PG,-2.0226,147.2712,81.97,81,100,13.2,overcast clouds
62,Kaitangata,NZ,-46.2817,169.8464,60.01,95,1,4.0,clear sky
63,Severo-Kurilsk,RU,50.6789,156.125,32.09,86,100,21.45,light snow
64,Nanyuki,KE,0.0167,37.0728,59.07,86,80,3.62,broken clouds
65,Beatrice,US,40.2681,-96.747,53.6,82,90,8.05,overcast clouds
66,Iranshahr,IR,27.2025,60.6848,77.0,13,0,9.22,clear sky
67,Thurso,GB,58.5927,-3.5259,35.6,87,75,24.16,broken clouds
68,Aksay,RU,47.26,39.87,42.01,81,90,6.71,overcast clouds
69,Nianzishan,CN,47.5167,122.8833,38.93,32,99,3.98,overcast clouds
70,Saint George,US,37.1041,-113.5841,82.4,6,1,16.11,clear sky
71,Quatre Cocos,MU,-20.2078,57.7625,80.01,73,40,11.5,scattered clouds
72,Mar Del Plata,AR,-38.0023,-57.5575,64.4,94,75,6.91,broken clouds
73,Necochea,AR,-38.5473,-58.7368,62.01,94,100,10.42,overcast clouds
74,Salalah,OM,17.0151,54.0924,78.8,57,0,4.61,clear sky
75,Pauini,BR,-7.7136,-66.9764,75.94,97,100,2.59,overcast clouds
76,Mpika,ZM,-11.8343,31.4529,56.77,91,50,4.7,scattered clouds
77,Padang,ID,-0.9492,100.3543,77.0,94,75,1.14,broken clouds
78,Victoria,HK,22.2855,114.1577,69.01,91,100,13.67,light rain
79,Upernavik,GL,72.7868,-56.1549,25.09,69,100,4.03,overcast clouds
80,Morgan City,US,29.6994,-91.2068,82.0,65,20,8.05,few clouds
81,Clyde River,CA,70.4692,-68.5914,12.2,92,90,34.52,snow
82,Ayan,RU,56.45,138.1667,15.76,89,89,3.27,overcast clouds
83,Grindavik,IS,63.8424,-22.4338,23.0,58,75,20.71,broken clouds
84,Kushmurun,KZ,52.4503,64.6311,31.5,92,82,4.56,broken clouds
85,Yellowknife,CA,62.456,-114.3525,12.99,61,20,17.27,few clouds
86,New Norfolk,AU,-42.7826,147.0587,51.01,77,77,1.01,broken clouds
87,Vaini,TO,-21.2,-175.2,75.2,88,40,6.91,scattered clouds
88,Tuktoyaktuk,CA,69.4541,-133.0374,-11.2,70,20,3.44,few clouds
89,Jalu,LY,29.0331,21.5482,69.82,20,5,10.31,clear sky
90,Nizhniy Baskunchak,RU,48.2198,46.8311,54.9,55,100,6.26,light rain
91,Cherskiy,RU,68.75,161.3,5.65,80,61,5.3,broken clouds
92,Batsfjord,NO,70.6345,29.7185,33.8,86,75,2.3,broken clouds
93,Cape Town,ZA,-33.9258,18.4232,66.0,82,0,11.5,clear sky
94,Saldanha,ZA,-33.0117,17.9442,60.8,82,93,10.36,overcast clouds
95,Nikolskoye,RU,59.7035,30.7861,34.0,74,0,6.71,clear sky
96,Seminole,US,28.7086,-81.2081,84.0,34,1,10.36,clear sky
97,Salta,AR,-24.7859,-65.4117,69.8,94,90,3.44,drizzle
98,Tuatapere,NZ,-46.1333,167.6833,54.0,89,3,1.99,clear sky
99,Monroe,US,43.1501,-77.6831,78.8,29,20,16.11,few clouds
100,Liwale,TZ,-9.7667,37.9333,66.81,96,5,4.29,clear sky
101,Bambous Virieux,MU,-20.3428,57.7575,80.01,73,40,11.5,scattered clouds
102,Tiksi,RU,71.6872,128.8694,-13.54,100,100,7.16,overcast clouds
103,Shingu,JP,33.7333,135.9833,50.97,67,28,5.23,scattered clouds
104,Laguna,US,38.421,-121.4238,77.0,27,1,4.61,clear sky
105,Pacatuba,BR,-3.9842,-38.6203,84.2,70,0,13.8,clear sky
106,Sao Joao Da Barra,BR,-21.6403,-41.0511,77.0,73,20,2.3,few clouds
107,Norman Wells,CA,65.282,-126.8329,12.2,52,75,14.97,broken clouds
108,San Marcos,US,33.1434,-117.1661,73.99,68,1,9.22,clear sky
109,Sorland,NO,67.667,12.6934,31.78,48,32,4.7,scattered clouds
110,Port Alfred,ZA,-33.5906,26.891,65.98,85,55,4.14,broken clouds
111,Narsaq,GL,60.9167,-46.05,37.4,65,40,5.75,scattered clouds
112,Chuy,UY,-33.6971,-53.4616,72.55,77,100,8.79,overcast clouds
113,Moranbah,AU,-22.0016,148.0466,76.39,65,57,4.23,broken clouds
114,Atuona,PF,-9.8,-139.0333,81.16,71,12,15.64,few clouds
115,Guerrero Negro,MX,27.9769,-114.0611,74.57,45,0,22.75,clear sky
116,Hermanus,ZA,-34.4187,19.2345,61.0,86,8,3.58,clear sky
117,Puerto Rico,AR,-26.796,-55.024,76.3,56,86,1.74,light rain
118,Langfang,CN,39.5097,116.6947,50.0,54,100,1.99,overcast clouds
119,Muisne,EC,0.6,-80.0333,86.0,79,40,6.91,scattered clouds
120,Rawson,AR,-43.3002,-65.1023,64.04,52,100,10.76,overcast clouds
121,General Delgado,PY,-27.1667,-56.5167,87.8,45,0,5.75,clear sky
122,Parakan,ID,-6.4191,106.0081,82.0,77,100,2.33,overcast clouds
123,Talnakh,RU,69.4865,88.3972,6.93,88,95,3.8,overcast clouds
124,Mamallapuram,IN,12.6264,80.1722,78.8,83,20,4.61,mist
125,Cabo San Lucas,MX,22.8909,-109.9124,84.0,39,20,14.97,few clouds
126,Te Anau,NZ,-45.4167,167.7167,53.64,70,16,4.16,few clouds
127,Swellendam,ZA,-34.0226,20.4417,55.4,94,7,4.61,clear sky
128,Butaritari,KI,3.0707,172.7902,82.24,78,60,15.5,broken clouds
129,Port Lincoln,AU,-34.7333,135.8667,60.69,65,39,12.15,scattered clouds
130,Shenandoah,US,30.4013,-91.0009,87.01,40,1,4.0,clear sky
131,Naze,JP,28.3667,129.4833,64.4,77,75,3.44,light rain
132,Camana,PE,-16.6228,-72.7111,70.66,81,78,7.96,broken clouds
133,Kapuskasing,CA,49.4169,-82.4331,42.8,93,100,6.91,light rain
134,Pevek,RU,69.7008,170.3133,-13.2,90,59,2.08,broken clouds
135,Puro,PH,12.4841,123.3827,78.39,77,100,8.25,overcast clouds
136,Sa Kaeo,TH,13.75,102.3333,76.15,81,47,5.68,scattered clouds
137,Vila Velha,BR,-20.3297,-40.2925,75.99,94,20,4.61,few clouds
138,Puerto Baquerizo Moreno,EC,-0.9,-89.6,84.2,74,40,14.97,scattered clouds
139,Longyearbyen,SJ,78.2186,15.6401,26.6,68,20,13.8,few clouds
140,Mehamn,NO,71.0357,27.8492,33.8,75,40,16.11,scattered clouds
141,Thompson,CA,55.7435,-97.8558,53.6,30,20,11.5,few clouds
142,Qaanaaq,GL,77.484,-69.3632,10.99,72,100,2.91,overcast clouds
143,Meulaboh,ID,4.1363,96.1285,76.12,90,88,3.74,overcast clouds
144,Maceio,BR,-9.6658,-35.7353,80.6,78,20,9.22,few clouds
145,Mangrol,IN,21.1167,70.1167,78.51,72,0,10.54,clear sky
146,Vila Franca Do Campo,PT,37.7167,-25.4333,59.0,88,75,20.71,broken clouds
147,Clarence Town,AU,-32.5833,151.7833,64.0,100,20,10.36,few clouds
148,Bethel,US,41.3712,-73.414,69.8,37,1,9.22,clear sky
149,Huatusco,MX,19.15,-96.95,84.67,32,0,7.47,clear sky
150,Saskylakh,RU,71.9167,114.0833,-16.82,100,100,6.82,overcast clouds
151,Chibombo,ZM,-14.6569,28.0706,57.7,84,76,4.9,broken clouds
152,Puerto Leguizamo,CO,-0.1934,-74.7819,81.91,76,98,2.06,overcast clouds
153,Matay,EG,28.419,30.7792,64.33,41,0,17.92,clear sky
154,Portales,US,34.1862,-103.3344,82.0,7,1,14.97,clear sky
155,Oranjemund,NA,-28.55,16.4333,61.02,89,0,5.06,clear sky
156,San Cristobal,VE,7.7669,-72.225,87.8,62,40,12.66,scattered clouds
157,Kibre Mengist,ET,5.8833,38.9833,58.28,70,52,1.03,broken clouds
158,Kerewan,GM,13.4898,-16.0888,80.6,50,0,8.05,clear sky
159,Nyazepetrovsk,RU,56.0531,59.6028,32.41,99,100,2.04,overcast clouds
160,Townsville,AU,-19.25,146.8,78.8,89,20,2.95,few clouds
161,Cidreira,BR,-30.1811,-50.2056,74.64,79,45,23.38,scattered clouds
162,Zhucheng,CN,35.9947,119.3975,47.91,36,16,3.85,few clouds
163,Kavieng,PG,-2.5744,150.7967,80.65,82,100,10.69,light rain
164,Manggar,ID,-2.8833,108.2667,79.5,84,92,7.56,overcast clouds
165,Chioggia,IT,45.2256,12.2889,46.0,57,48,1.99,scattered clouds
166,Airai,TL,-8.9266,125.4092,58.86,92,89,1.77,overcast clouds
167,Labuhan,ID,-6.8844,112.2051,78.26,86,100,5.39,overcast clouds
168,Koslan,RU,63.4564,48.8989,37.49,95,100,17.13,overcast clouds
169,Burnie,AU,-41.0667,145.9167,50.0,75,48,14.0,scattered clouds
170,Hithadhoo,MV,-0.6,73.0833,82.62,68,12,13.94,few clouds
171,Lavrentiya,RU,65.5833,-171.0,-6.23,78,4,1.36,clear sky
172,Tokur,RU,53.1333,132.9,10.94,94,89,1.66,overcast clouds
173,Talcahuano,CL,-36.7167,-73.1167,60.8,88,75,6.91,broken clouds
174,Jhalrapatan,IN,24.55,76.1667,79.83,21,0,8.39,clear sky
175,Aichach,DE,48.4576,11.1341,34.0,69,23,3.44,few clouds
176,Ahar,IR,38.4774,47.0699,59.65,39,100,4.76,overcast clouds
177,Aklavik,CA,68.2191,-135.0107,-11.2,70,90,21.85,snow
178,Horodnytsya,UA,50.807,27.3168,31.26,93,15,6.13,few clouds
179,Sambava,MG,-14.2667,50.1667,75.78,88,100,8.32,overcast clouds
180,Alampur,IN,15.8833,78.15,81.14,41,72,5.06,broken clouds
181,Kumukh,RU,42.1704,47.1161,48.79,57,1,9.08,clear sky
182,Adrar,MR,20.5022,-10.0711,80.64,14,0,9.89,clear sky
183,Cockburn Town,TC,21.4612,-71.1419,77.0,57,40,13.8,scattered clouds
184,Manitouwadge,CA,49.1215,-85.8403,46.4,93,90,10.36,overcast clouds
185,Kamenka,RU,51.3223,42.7678,39.99,73,100,4.7,overcast clouds
186,Yulara,AU,-25.2406,130.9889,59.0,58,21,4.61,few clouds
187,Fortuna,US,40.5982,-124.1573,59.0,71,20,14.97,few clouds
188,Komsomolskiy,UZ,40.4272,71.7189,50.0,62,0,2.75,clear sky
189,Yerbogachen,RU,61.2767,108.0108,10.65,92,100,8.99,overcast clouds
190,Sioux Lookout,CA,50.1001,-91.917,35.6,93,90,9.22,mist
191,Odesskoye,RU,54.2111,72.9651,34.0,99,100,9.19,overcast clouds
192,Camacupa,AO,-12.0167,17.4833,61.43,90,96,3.31,light rain
193,Henties Bay,NA,-22.116,14.2845,69.48,64,38,2.89,scattered clouds
194,Jagalur,IN,14.5333,76.35,75.02,66,22,8.66,few clouds
195,Hollins,US,37.3413,-79.9431,72.0,56,75,10.36,broken clouds
196,Mitsamiouli,KM,-11.3847,43.2844,81.68,76,11,5.61,light rain
197,Kodiak,US,57.79,-152.4072,30.2,43,1,33.38,clear sky
198,Saint-Philippe,RE,-21.3585,55.7679,78.8,78,0,4.61,light rain
199,Sapulpa,US,35.9987,-96.1142,80.6,22,1,9.22,clear sky
200,Bukachacha,RU,52.9833,116.9167,33.58,64,100,2.37,overcast clouds
201,Najran,SA,17.4924,44.1277,68.0,26,0,2.84,clear sky
202,Kirksville,US,40.1948,-92.5833,54.0,82,90,6.91,overcast clouds
203,Saint-Georges,GD,12.0564,-61.7485,82.4,74,40,13.8,scattered clouds
204,Perth,AU,-31.9333,115.8333,63.0,72,75,11.5,broken clouds
205,Bengkulu,ID,-3.8004,102.2655,75.04,88,83,5.99,broken clouds
206,Matviyivka,UA,47.0747,35.1444,40.26,55,100,8.08,overcast clouds
207,Biaora,IN,23.8667,76.9167,80.17,16,1,2.8,clear sky
208,Okato,NZ,-39.2,173.8833,63.0,89,100,10.0,moderate rain
209,Torbay,CA,47.6666,-52.7314,39.99,100,90,18.41,light rain
210,Faanui,PF,-16.4833,-151.75,81.82,69,17,9.46,few clouds
211,Lagoa,PT,39.05,-27.9833,58.8,88,5,18.16,clear sky
212,Pisco,PE,-13.7,-76.2167,73.4,68,100,20.71,overcast clouds
213,Sola,VU,-13.8833,167.55,84.2,84,20,11.81,few clouds
214,Kruisfontein,ZA,-34.0033,24.7314,60.01,94,4,1.01,clear sky
215,Moose Factory,CA,51.2585,-80.6094,35.6,80,90,10.36,light rain
216,Georgetown,MY,5.4112,100.3354,80.6,94,20,6.02,few clouds
217,Sakakah,SA,29.9697,40.2064,73.4,14,0,8.05,clear sky
218,Bathsheba,BB,13.2167,-59.5167,82.4,57,20,11.5,few clouds
219,Kidal,ML,18.4411,1.4078,85.5,9,92,11.05,overcast clouds
220,Isangel,VU,-19.55,169.2667,86.0,70,75,11.5,broken clouds
221,Bandarbeyla,SO,9.4942,50.8122,75.42,63,11,2.68,few clouds
222,Hambantota,LK,6.1241,81.1185,75.2,100,40,1.14,scattered clouds
223,Teguise,ES,29.0605,-13.564,68.0,73,20,3.44,few clouds
224,Cayenne,GF,4.9333,-52.3333,80.6,83,75,6.91,broken clouds
225,Sheridan,US,44.8333,-106.9173,66.99,18,20,8.05,few clouds
226,Coquimbo,CL,-29.9533,-71.3436,64.4,72,0,16.11,clear sky
227,Luderitz,NA,-26.6481,15.1594,71.26,54,0,9.89,clear sky
228,Lazurne,UA,46.084,32.5295,37.0,100,93,13.53,overcast clouds
229,Port-Gentil,GA,-0.7193,8.7815,77.0,88,75,6.91,light rain
230,Goderich,CA,43.7501,-81.7165,78.8,34,90,16.11,overcast clouds
231,Qaqortoq,GL,60.7167,-46.0333,37.4,65,40,5.75,scattered clouds
232,Dikson,RU,73.5069,80.5464,-0.58,81,28,10.98,scattered clouds
233,Saint Anthony,US,45.0205,-93.218,61.0,88,90,9.22,mist
234,Tilichiki,RU,60.4667,166.1,10.02,89,100,10.0,overcast clouds
235,Ribeira Grande,PT,38.5167,-28.7,60.06,81,13,14.97,few clouds
236,Khonsa,IN,27.0167,95.5667,65.86,58,98,3.49,overcast clouds
237,Qandala,SO,11.472,49.8728,79.43,45,4,2.73,clear sky
238,Ust-Kuyga,RU,70.0167,135.6,-9.78,99,96,2.98,overcast clouds
239,Marsh Harbour,BS,26.5412,-77.0636,71.96,55,50,9.4,scattered clouds
240,Hofn,IS,64.2539,-15.2082,24.82,56,100,22.1,overcast clouds
241,Sao Filipe,CV,14.8961,-24.4956,74.75,64,1,7.7,clear sky
242,Ugoofaaru,MV,5.6667,73.0,81.84,75,12,7.72,few clouds
243,Sturgis,US,41.7992,-85.4192,64.4,82,90,17.27,overcast clouds
244,Mahebourg,MU,-20.4081,57.7,78.8,73,40,11.5,scattered clouds
245,Hervey Bay,AU,-25.2986,152.8535,75.0,84,5,1.01,clear sky
246,Ossora,RU,59.2353,163.0719,26.08,90,100,12.55,light snow
247,Vallenar,CL,-28.5708,-70.7581,76.15,37,0,5.44,clear sky
248,Ngong,KE,-1.3618,36.6566,64.4,88,75,8.05,broken clouds
249,Puerto Colombia,CO,10.9878,-74.9547,82.4,74,0,11.5,clear sky
250,Tuy Hoa,VN,13.0833,109.3,73.11,90,55,3.38,broken clouds
251,Lebu,CL,-37.6167,-73.65,57.7,77,4,5.73,clear sky
252,Halifax,CA,44.6453,-63.5724,59.0,51,46,10.36,scattered clouds
253,Wlodawa,PL,51.55,23.55,33.01,100,13,8.03,few clouds
254,Amot,NO,59.5714,7.9877,39.99,77,100,9.53,light rain
255,Auki,SB,-8.7676,160.7034,75.45,92,100,9.6,overcast clouds
256,Vardo,NO,70.3705,31.1107,26.6,80,0,9.22,clear sky
257,Egvekinot,RU,66.3167,-179.1667,-7.53,92,70,3.06,broken clouds
258,Pochutla,MX,15.7432,-96.4661,93.99,46,20,11.5,few clouds
259,Horizontina,BR,-27.6258,-54.3078,74.68,51,72,5.75,broken clouds
260,Poum,NC,-20.2333,164.0167,77.09,90,100,14.12,light rain
261,Yongzhou,CN,26.4559,111.5988,55.15,89,87,3.2,overcast clouds
262,Safaga,EG,26.7292,33.9365,75.2,33,0,13.8,clear sky
263,Villa Bruzual,VE,9.3328,-69.1208,86.25,54,100,4.63,overcast clouds
264,Richards Bay,ZA,-28.783,32.0377,68.27,93,23,6.13,few clouds
265,Morant Bay,JM,17.8815,-76.4093,79.0,83,75,8.05,broken clouds
266,Buala,SB,-8.145,159.5921,76.53,93,100,7.65,heavy intensity rain
267,Hamilton,US,39.1834,-84.5333,66.99,88,75,6.91,broken clouds
268,Nuuk,GL,64.1835,-51.7216,33.8,86,90,40.29,light snow
269,Diamantino,BR,-14.4086,-56.4461,75.76,86,63,3.76,light rain
270,Gornji Milanovac,RS,44.0333,20.45,34.0,86,0,3.44,clear sky
271,Port Elizabeth,ZA,-33.918,25.5701,60.8,100,90,10.36,overcast clouds
272,Cantaura,VE,9.3057,-64.3584,88.86,43,99,4.59,overcast clouds
273,Otavalo,EC,0.2333,-78.2667,66.2,68,40,13.8,light rain
274,Vanavara,RU,60.34,102.2797,10.13,92,7,7.14,clear sky
275,Bartica,GY,6.4,-58.6167,82.4,83,40,4.61,light rain
276,Alto Paraguai,BR,-14.5136,-56.4825,76.6,85,60,3.74,light rain
277,Mount Gambier,AU,-37.8333,140.7667,53.6,82,90,8.05,overcast clouds
278,San Antonio,US,29.4241,-98.4936,95.0,27,75,10.36,broken clouds
279,Cabedelo,BR,-6.9811,-34.8339,80.6,83,0,9.22,clear sky
280,Igarka,RU,67.4667,86.5833,10.83,91,100,4.0,overcast clouds
281,Northam,GB,51.0333,-4.2167,44.01,87,100,3.0,moderate rain
282,Lujiang,CN,31.2581,117.2817,48.2,93,0,4.47,clear sky
283,Tongren,CN,27.7172,109.1853,49.68,91,27,2.51,scattered clouds
284,Maarianhamina,AX,60.0973,19.9348,37.4,87,0,11.5,clear sky
285,Guhagar,IN,17.4842,73.1929,76.23,85,17,4.74,few clouds
286,Sechura,PE,-5.5569,-80.8222,79.84,61,62,14.27,broken clouds
287,Iki-Burul,RU,45.8208,44.6472,50.0,93,100,13.42,overcast clouds
288,Banda Aceh,ID,5.5577,95.3222,79.27,78,48,1.45,scattered clouds
289,Krasnoselkup,RU,65.7,82.4667,5.23,98,37,3.38,scattered clouds
290,East London,ZA,-33.0153,27.9116,66.33,82,60,3.98,broken clouds
291,Salavat,RU,53.3837,55.9077,33.98,96,90,6.87,light snow
292,Hobyo,SO,5.3505,48.5268,81.19,74,17,11.36,few clouds
293,Portland,US,45.5234,-122.6762,57.0,37,75,9.22,broken clouds
294,Saint-Leu,RE,-21.15,55.2833,78.8,78,0,4.61,light rain
295,Homer,US,59.6425,-151.5483,30.2,64,90,5.75,light snow
296,Ayaviri,PE,-14.8864,-70.5889,52.79,66,97,3.18,overcast clouds
297,Yashkul,RU,46.1711,45.3435,53.22,70,92,6.78,overcast clouds
298,Avera,US,33.194,-82.5271,77.0,41,90,6.91,overcast clouds
299,Verkhnyaya Inta,RU,65.9811,60.3094,38.62,74,38,22.06,scattered clouds
300,Broken Hill,AU,-31.95,141.4333,64.4,32,81,8.05,broken clouds
301,Vestmannaeyjar,IS,63.4427,-20.2734,25.32,61,1,25.46,clear sky
302,Khilok,RU,51.3674,110.4676,29.89,95,100,1.63,snow
303,High Level,CA,58.5169,-117.136,23.0,54,1,3.44,clear sky
304,Korem,ET,12.5058,39.5228,54.07,20,0,0.78,clear sky
305,Port Hardy,CA,50.6996,-127.4199,44.6,81,90,12.66,light rain
306,Faya,SA,18.3851,42.4509,66.2,59,0,8.05,clear sky
307,Oranjestad,AW,12.524,-70.027,82.4,74,40,20.71,scattered clouds
308,Nushki,PK,29.5542,66.0215,67.44,13,0,3.62,clear sky
309,Asau,RO,46.4333,26.4,36.0,60,0,1.14,clear sky
310,Nemuro,JP,43.3236,145.575,32.14,55,1,10.96,clear sky
311,Kalevala,RU,65.2,31.1667,27.0,86,36,9.08,scattered clouds
312,Lantangan,PH,11.5882,123.3256,79.57,78,99,11.95,overcast clouds
313,Los Llanos De Aridane,ES,28.6585,-17.9182,69.8,78,90,5.46,overcast clouds
314,Zyryanka,RU,65.75,150.85,9.75,91,100,12.21,overcast clouds
315,Banepa,NP,27.6298,85.5214,57.2,77,20,4.99,few clouds
316,Alihe,CN,50.5667,123.7167,29.28,40,23,2.42,few clouds
317,Kilimatinde,TZ,-5.85,34.95,62.87,96,15,1.01,few clouds
318,Jaisalmer,IN,26.9147,70.9181,79.3,11,6,8.28,clear sky
319,Caravelas,BR,-17.7125,-39.2481,75.45,76,95,11.14,overcast clouds
320,Soyo,AO,-6.1349,12.3689,80.82,84,100,5.41,overcast clouds
321,Cam Ranh,VN,11.9214,109.1591,78.8,78,40,8.05,scattered clouds
322,Gao,ML,16.6362,1.637,88.66,7,85,8.97,overcast clouds
323,Fort Nelson,CA,58.8053,-122.7002,28.4,54,75,10.36,broken clouds
324,Dicabisagan,PH,17.0818,122.4157,74.86,88,95,6.8,overcast clouds
325,Tilaran,CR,10.4703,-84.9671,91.4,49,40,11.5,moderate rain
326,Palmer,US,42.1584,-72.3287,73.4,27,40,4.61,scattered clouds
327,Leh,IN,34.1667,77.5833,28.26,40,66,4.7,broken clouds
328,Gobabis,NA,-22.45,18.9667,66.74,44,0,9.53,clear sky
329,Garowe,SO,8.4054,48.4845,70.16,65,9,7.0,clear sky
330,Alpena,US,45.0617,-83.4327,59.0,58,1,11.5,clear sky
331,Port Keats,AU,-14.25,129.55,81.48,79,50,7.18,scattered clouds
332,Williams Lake,CA,52.1415,-122.1445,48.99,55,75,3.74,broken clouds
333,Poindimie,NC,-20.9333,165.3333,74.59,94,100,5.73,light rain
334,Yinchuan,CN,38.4681,106.2731,50.0,49,100,6.08,overcast clouds
335,Mayumba,GA,-3.432,10.6554,79.59,87,100,6.64,moderate rain
336,Casper,US,42.8666,-106.3131,64.0,17,40,21.85,scattered clouds
337,Nanortalik,GL,60.1432,-45.2371,36.43,76,97,10.96,overcast clouds
338,Geraldton,AU,-28.7667,114.6,71.6,56,97,17.27,overcast clouds
339,Ketchikan,US,55.3422,-131.6461,33.8,100,90,21.85,moderate rain
340,Cairns,AU,-16.9167,145.7667,75.2,88,75,1.14,broken clouds
341,Chake Chake,TZ,-5.2459,39.7666,78.1,80,100,9.06,overcast clouds
342,Jaumave,MX,23.4167,-99.3833,96.8,20,40,4.61,scattered clouds
343,Shimoda,JP,34.6667,138.95,55.0,81,12,5.01,few clouds
344,Tagusao,PH,9.1924,117.8141,77.95,79,93,2.3,heavy intensity rain
345,Lodwar,KE,3.1191,35.5973,86.94,41,15,19.98,few clouds
346,Ostersund,SE,63.1792,14.6357,30.99,55,100,11.5,overcast clouds
347,Portoferraio,IT,42.8115,10.3146,48.0,63,1,8.88,clear sky
348,Boa Vista,BR,2.8197,-60.6733,78.8,78,75,5.75,light rain
349,Iskateley,RU,67.6803,53.1512,38.07,93,99,25.23,overcast clouds
350,San Juan,AR,-31.5375,-68.5364,73.89,55,44,13.76,scattered clouds
351,Karakulino,RU,56.012,53.7067,35.4,97,100,7.4,overcast clouds
352,Kargil,IN,34.5667,76.1,21.54,61,92,4.97,overcast clouds
353,Ouallam,NE,14.3188,2.0866,90.61,7,85,10.74,overcast clouds
354,Nicoya,CR,10.1483,-85.452,91.4,49,40,11.5,moderate rain
355,Fare,PF,-16.7,-151.0167,81.57,73,8,9.46,clear sky
356,Suntar,RU,62.1444,117.6319,15.84,92,99,6.73,overcast clouds
357,Tsalka,GE,41.5946,44.0891,48.13,56,60,6.89,broken clouds
358,Kichmengskiy Gorodok,RU,59.9816,45.7854,33.91,96,98,15.26,light snow
359,Vao,NC,-22.6667,167.4833,77.77,81,86,21.16,light rain
360,Yamada,JP,39.4667,141.95,38.88,63,34,6.38,scattered clouds
361,Amahai,ID,-3.3333,128.9167,77.92,82,99,4.52,overcast clouds
362,Kasongo-Lunda,CD,-6.4667,16.8167,70.5,99,99,2.33,light rain
363,Bourail,NC,-21.5667,165.4833,75.18,84,100,10.25,light rain
364,San Andres,CO,12.5847,-81.7006,84.2,74,75,12.66,broken clouds
365,Koutsouras,GR,35.0339,25.9469,54.0,72,76,26.26,broken clouds
366,Shar,KZ,49.5886,81.0453,44.15,78,72,3.83,broken clouds
367,Ouadda,CF,8.0777,22.4007,72.75,67,100,5.06,overcast clouds
368,Fukue,JP,32.6881,128.8419,59.16,62,95,11.7,overcast clouds
369,Zhob,PK,31.3411,69.4481,59.77,38,0,2.44,clear sky
370,Somerset,US,40.5668,-74.5496,70.0,40,1,6.91,clear sky
371,Pahalgam,IN,34.0333,75.3333,29.35,68,100,9.66,overcast clouds
372,Bodden Town,KY,19.2833,-81.25,82.99,78,40,11.5,scattered clouds
373,Bara,NG,10.3744,10.7288,85.51,14,89,6.04,overcast clouds
374,Dunedin,NZ,-45.8742,170.5036,54.0,94,0,1.01,clear sky
375,Yarada,IN,17.65,83.2667,80.6,89,20,2.3,mist
376,Turbat,PK,26.0023,63.044,77.63,24,30,2.37,scattered clouds
377,Port Hedland,AU,-20.3167,118.5667,78.8,94,30,6.91,scattered clouds
378,Callaway,US,30.153,-85.5699,75.0,83,40,16.11,scattered clouds
379,Tutoia,BR,-2.7619,-42.2744,78.8,88,100,10.65,overcast clouds
380,Along,IN,28.1667,94.7667,65.97,67,80,1.7,broken clouds
381,Sitka,US,57.0531,-135.33,35.6,93,90,8.05,moderate rain
382,Verkhnevilyuysk,RU,63.4453,120.3167,13.66,93,100,7.65,overcast clouds
383,Leningradskiy,RU,69.3833,178.4167,-7.55,86,20,1.45,few clouds
384,Jizan,SA,17.3333,42.6667,84.2,54,0,5.75,clear sky
385,Touros,BR,-5.1989,-35.4608,80.6,74,40,6.91,scattered clouds
386,Cantagallo,CO,7.376,-73.9196,87.12,69,82,1.86,broken clouds
387,Alofi,NU,-19.0595,-169.9187,80.6,74,75,5.75,broken clouds
388,Svetlaya,RU,46.5389,138.3297,31.73,81,100,7.47,overcast clouds
389,General Pico,AR,-35.6566,-63.7568,70.66,85,100,5.28,overcast clouds
390,Foldeak,HU,46.3167,20.5,34.0,80,0,9.22,clear sky
391,Bolgatanga,GH,10.7856,-0.8514,93.38,9,80,2.89,broken clouds
392,Zapolyarnyy,RU,69.4154,30.8136,23.0,80,100,5.75,overcast clouds
393,Izumo,JP,35.3667,132.7667,42.8,93,20,11.5,few clouds
394,Atasu,KZ,48.6814,71.6433,47.68,65,99,5.91,overcast clouds
395,Mehran,IR,33.1222,46.1646,57.2,44,79,4.61,broken clouds
396,Kanniyakumari,IN,8.0833,77.5667,79.52,82,12,9.26,few clouds
397,Huntsville,US,34.7304,-86.5861,78.8,36,1,17.27,clear sky
398,Sumbe,AO,-11.2061,13.8437,80.47,88,88,7.65,overcast clouds
399,Narrabri,AU,-30.3167,149.7833,68.0,88,1,3.04,clear sky
400,Sinop,TR,41.7711,34.8709,37.09,98,100,7.81,overcast clouds
401,Saint-Augustin,CA,51.226,-58.6502,36.99,99,97,1.97,overcast clouds
402,Miquelon,PM,47.0975,-56.3814,48.2,71,75,19.57,broken clouds
403,Taltal,CL,-25.4,-70.4833,67.98,78,82,6.22,broken clouds
404,Polunochnoye,RU,60.8697,60.4153,33.12,99,100,3.96,overcast clouds
405,Santa Fe,AR,-31.6333,-60.7,86.0,63,100,5.01,overcast clouds
406,Gejiu,CN,23.306,103.1635,52.03,87,67,2.73,broken clouds
407,Warmbad,NA,-28.45,18.7333,81.19,29,0,9.78,clear sky
408,Lata,PT,40.1629,-8.3327,59.0,87,100,1.86,overcast clouds
409,Howard Springs,AU,-12.497,131.047,77.0,83,75,8.05,broken clouds
410,Ponta Do Sol,PT,32.6667,-17.1,60.01,77,97,1.99,overcast clouds
411,Beringovskiy,RU,63.05,179.3167,-0.11,93,45,5.03,scattered clouds
412,Port Blair,IN,11.6667,92.75,80.17,76,6,2.01,clear sky
413,Hit,IQ,33.6416,42.8251,76.57,23,2,7.25,clear sky
414,Ust-Tsilma,RU,65.441,52.1498,39.83,94,100,16.8,overcast clouds
415,Nalut,LY,30.3333,10.85,64.81,46,23,16.96,few clouds
416,Ipswich,GB,52.0592,1.1555,48.2,66,0,12.66,clear sky
417,Novokizhinginsk,RU,51.6115,109.5917,33.76,96,96,3.58,light snow
418,Antofagasta,CL,-23.65,-70.4,66.2,72,75,14.97,broken clouds
419,Hovd,MN,48.0056,91.6419,38.07,34,5,3.47,clear sky
420,Gretna,US,29.9147,-90.054,82.99,54,1,5.75,clear sky
421,Mandalgovi,MN,45.7625,106.2708,41.97,31,15,7.14,few clouds
422,Ghatanji,IN,20.1333,78.3167,88.12,29,93,7.38,overcast clouds
423,Kalabo,ZM,-14.97,22.6814,66.6,57,66,5.12,broken clouds
424,Puerto Del Rosario,ES,28.5004,-13.8627,68.0,73,20,8.05,few clouds
425,Cervo,ES,43.6702,-7.4101,54.0,87,9,5.32,clear sky
426,Marystown,CA,47.1666,-55.1483,47.71,82,75,20.45,broken clouds
427,Itarema,BR,-2.9248,-39.9167,80.56,79,97,13.33,overcast clouds
428,Noyon,FR,49.5833,3.0,43.0,65,0,4.61,clear sky
429,Iqaluit,CA,63.7506,-68.5145,32.0,69,90,5.75,light snow
430,Qinzhou,CN,21.95,108.6167,66.78,72,100,10.36,light rain
431,Namibe,AO,-15.1961,12.1522,80.53,64,95,8.95,overcast clouds
432,Nichinan,JP,31.6,131.3667,46.4,87,75,8.05,broken clouds
433,Mago,RU,53.2514,140.1822,21.25,81,100,3.44,overcast clouds
434,Guaymas,MX,27.9333,-110.9,102.99,23,1,6.91,clear sky
435,Culpeper,US,38.5004,-77.9664,70.0,40,1,8.05,clear sky
436,Comodoro Rivadavia,AR,-45.8667,-67.5,59.0,58,75,8.05,broken clouds
437,Tigre,AR,-34.426,-58.5796,77.0,83,90,12.66,moderate rain
438,Chernyshevskiy,RU,63.0128,112.4714,-1.5,95,71,5.61,broken clouds
439,Nouakchott,MR,18.0858,-15.9785,69.8,78,0,16.11,clear sky
440,Takoradi,GH,4.8845,-1.7554,80.74,87,89,5.73,light rain
441,Swinoujscie,PL,53.9105,14.2471,39.99,75,78,1.99,broken clouds
442,Bitung,ID,1.4451,125.1824,75.2,94,20,1.14,few clouds
443,Andenes,NO,69.3143,16.1194,27.0,86,20,12.66,few clouds
444,Sao Sebastiao,BR,-23.76,-45.4097,73.85,82,29,10.27,scattered clouds
445,Pandhana,IN,21.7,76.2167,84.09,19,4,10.94,clear sky
446,Batabano,CU,22.7164,-82.2881,82.4,54,40,14.97,scattered clouds
447,Bronnoysund,NO,65.4625,12.1997,33.8,60,100,16.11,overcast clouds
448,Batticaloa,LK,7.7102,81.6924,77.5,82,8,6.49,clear sky
449,Elliot,ZA,-31.3333,27.85,55.42,73,12,4.14,few clouds
450,Ancud,CL,-41.8697,-73.8203,57.99,71,75,5.75,light rain
451,Visby,SE,57.6409,18.296,39.0,75,20,17.27,few clouds
452,Staryy Nadym,RU,65.6118,72.6842,27.84,93,100,10.33,overcast clouds
453,Anchorage,US,61.2181,-149.9003,25.0,42,90,10.36,light snow
454,Bom Jesus,BR,-9.0744,-44.3586,88.56,30,85,6.13,overcast clouds
455,Acapulco,MX,16.8634,-99.8901,86.0,62,40,8.05,scattered clouds
456,Opuwo,NA,-18.0607,13.84,74.17,45,41,8.72,scattered clouds
457,Abu Zabad,SD,12.35,29.25,82.17,5,9,12.39,clear sky
458,Teyateyaneng,LS,-29.1472,27.7489,56.14,58,0,3.15,clear sky
459,Lashio,MM,22.9333,97.75,63.25,72,1,1.45,clear sky
460,Canberra,AU,-35.2835,149.1281,61.0,100,100,5.14,overcast clouds
461,Srednekolymsk,RU,67.45,153.6833,10.49,84,100,3.4,overcast clouds
462,Xuddur,SO,4.1213,43.8894,77.07,68,51,16.53,broken clouds
463,Matara,LK,5.9485,80.5353,75.96,86,43,3.83,scattered clouds
464,Sovetskoye,RU,52.2861,85.4131,31.01,98,99,4.18,overcast clouds
465,Hasaki,JP,35.7333,140.8333,48.2,76,75,6.91,broken clouds
466,Rust,DE,48.2667,7.7333,41.0,69,0,2.3,clear sky
467,Pascoag,US,41.9557,-71.7023,62.6,51,1,8.05,clear sky
468,Harbour Breton,CA,47.4833,-55.7983,48.81,72,9,16.75,clear sky
469,Ismailia,EG,30.6043,32.2723,59.72,74,0,7.43,clear sky
470,Balikpapan,ID,-1.2675,116.8289,75.02,93,93,4.88,overcast clouds
471,Naantali,FI,60.4674,22.0243,35.01,80,0,6.91,clear sky
472,Impfondo,CG,1.6381,18.0667,70.72,86,99,2.08,overcast clouds
473,Funehiki,JP,37.4333,140.5833,39.2,70,40,4.61,scattered clouds
474,Lamu,KE,-2.2717,40.902,82.4,78,20,10.36,few clouds
475,Gilgit,PK,35.9221,74.3087,45.82,75,100,4.88,overcast clouds
476,Westport,US,41.1415,-73.3579,66.0,63,1,6.91,clear sky
477,Am Timan,TD,11.0297,20.2827,91.17,10,72,6.49,broken clouds
478,Crotone,IT,39.0851,17.1178,39.0,59,0,13.87,clear sky
479,Rosarito,MX,32.3333,-117.0333,69.8,72,75,10.36,broken clouds
480,Banikoara,BJ,11.2985,2.4386,92.1,10,79,3.36,broken clouds
481,Chapais,CA,49.7834,-74.8492,53.6,62,90,8.05,overcast clouds
482,Dhidhdhoo,MV,6.8833,73.1,82.2,74,10,9.19,clear sky
483,Novyy Urengoy,RU,66.0833,76.6333,0.5,99,89,4.38,overcast clouds
484,Havoysund,NO,70.9963,24.6622,24.8,86,20,4.61,few clouds
485,Hurghada,EG,27.2574,33.8129,75.2,33,0,13.8,clear sky
486,Assis,BR,-22.6617,-50.4122,75.43,50,22,9.17,few clouds
487,Dawei,MM,14.0833,98.2,75.78,86,15,2.62,few clouds
488,Tommot,RU,58.9564,126.2925,25.11,87,100,3.4,overcast clouds
489,Clovis,US,36.8252,-119.7029,75.99,27,20,9.91,few clouds
490,Mollendo,PE,-17.0231,-72.0147,69.24,85,92,7.31,overcast clouds
491,Nizhniy Kuranakh,RU,58.8353,125.4869,28.85,84,100,5.03,overcast clouds
492,Imbituba,BR,-28.24,-48.6703,75.2,69,20,5.75,few clouds
493,Mumford,GH,5.2618,-0.759,81.05,87,57,8.55,moderate rain
494,Krasnogorsk,RU,55.8225,37.3181,34.0,93,0,11.18,clear sky
495,Gaziantep,TR,37.0594,37.3825,50.0,71,0,7.05,clear sky
496,Yining,CN,29.0361,114.5636,47.89,96,16,2.62,few clouds
497,Wangaratta,AU,-36.3667,146.3333,62.01,88,90,8.05,overcast clouds
498,Tuskegee,US,32.424,-85.6916,82.99,61,37,5.99,scattered clouds
499,Troy,US,42.6056,-83.1499,63.0,94,90,8.05,moderate rain
500,Medea,DZ,36.2642,2.7539,57.2,77,20,6.91,few clouds
501,Shobara,JP,34.85,133.0167,44.6,70,75,3.44,broken clouds
502,Chikwawa,MW,-16.0335,34.8009,71.73,77,82,3.09,broken clouds
503,Sarakhs,IR,36.5449,61.1577,69.8,32,62,4.61,broken clouds
504,Genhe,CN,50.7833,121.5167,29.23,73,18,3.02,few clouds
505,Ravar,IR,31.2656,56.8055,66.69,12,8,3.65,clear sky
506,Ibara,JP,34.6,133.4667,44.6,76,0,5.75,clear sky
507,Pyay,MM,18.8167,95.2167,77.04,67,0,3.47,clear sky
508,Ambulu,ID,-8.345,113.6058,75.69,84,100,3.38,overcast clouds
509,Phayuha Khiri,TH,15.4553,100.1353,79.93,67,71,4.85,broken clouds
510,Salekhard,RU,66.53,66.6019,29.95,92,100,11.12,overcast clouds
511,Khorixas,NA,-20.3667,14.9667,77.58,40,56,4.41,broken clouds
512,Teknaf,BD,20.8624,92.3058,73.6,92,5,2.1,clear sky
513,Grand-Santi,GF,4.25,-54.3833,74.1,97,100,2.95,overcast clouds
514,Neuquen,AR,-38.9516,-68.0591,73.4,35,0,8.05,clear sky
515,Springdale,US,36.1867,-94.1288,71.6,23,1,17.27,clear sky
516,Mlowo,TZ,-9.0,32.9833,56.61,97,64,3.49,broken clouds
517,Pacific Grove,US,36.6177,-121.9166,60.8,59,1,13.8,clear sky
518,Russell,US,32.3502,-85.1999,82.4,44,20,9.22,few clouds
519,Zhangye,CN,38.9342,100.4517,49.62,67,100,12.08,overcast clouds
520,Deputatskiy,RU,69.3,139.9,-11.87,98,80,0.4,broken clouds
521,Barranca,PE,-10.75,-77.7667,71.31,79,68,7.43,broken clouds
522,Ekhabi,RU,53.5102,142.9671,20.79,79,100,19.91,overcast clouds
523,Charlottesville,US,38.0293,-78.4767,73.4,40,1,10.36,clear sky
524,Bowen,AU,-20.0167,148.2333,69.8,100,100,3.15,overcast clouds
525,Cape Coast,GH,5.1053,-1.2466,81.61,86,96,8.95,light rain
526,Karpogory,RU,64.0019,44.4451,37.69,85,100,14.88,overcast clouds
527,Husavik,IS,66.0449,-17.3389,23.0,63,90,14.97,overcast clouds
528,Maloy,NO,61.9353,5.1136,39.2,81,40,14.97,scattered clouds
529,Nagato,JP,34.3833,131.2,50.0,81,0,2.3,clear sky
530,Waraseoni,IN,21.75,80.0333,87.42,21,76,4.65,broken clouds
531,Rock Sound,BS,24.9,-76.2,72.54,59,53,9.31,broken clouds
532,Tomatlan,MX,19.9333,-105.25,86.56,37,55,8.61,broken clouds
533,Parrita,CR,9.5201,-84.3225,66.2,88,90,2.3,overcast clouds
534,Chabahar,IR,25.2919,60.643,77.13,67,0,4.83,clear sky
535,Neman,RU,55.0311,22.0264,33.21,88,11,10.09,few clouds
536,Kahului,US,20.8947,-156.47,78.8,53,40,19.57,scattered clouds
537,Rudnya,RU,54.947,31.0934,29.55,87,24,7.38,few clouds
538,Flinders,AU,-34.5833,150.8552,73.0,85,71,1.99,light rain
539,Slave Lake,CA,55.2834,-114.769,30.2,64,1,11.5,clear sky
540,Okha,RU,53.5739,142.9478,20.79,78,100,19.62,overcast clouds
541,Rutland,US,43.6167,-73.0162,69.8,35,1,10.36,clear sky
542,Keti Bandar,PK,24.1447,67.4497,79.79,62,0,14.23,clear sky
543,Ciudad Bolivar,VE,8.1222,-63.5497,96.42,30,89,3.47,overcast clouds
544,Olinda,BR,-8.0089,-34.8553,80.6,65,40,14.97,scattered clouds
545,Dong Hoi,VN,17.4833,106.6,73.78,91,7,0.56,clear sky
546,Aykhal,RU,66.0,111.5,-2.2,97,97,14.12,light snow
547,Altamira,BR,-3.2033,-52.2064,79.59,73,97,2.59,overcast clouds
548,Chapada Dos Guimaraes,BR,-15.4606,-55.7497,77.0,94,40,3.44,scattered clouds
549,Khem Karan,IN,31.1428,74.5667,69.8,60,1,4.61,smoke
550,Forestville,US,38.8451,-76.875,70.0,45,1,13.8,clear sky
551,Gorom-Gorom,BF,14.4439,-0.2361,88.52,7,77,11.03,broken clouds
552,Korla,CN,41.7597,86.1469,51.62,56,74,9.28,broken clouds
553,Macusani,PE,-14.0833,-70.4333,42.01,86,100,4.99,overcast clouds
554,Chum Phae,TH,16.5443,102.0992,77.45,65,21,2.59,few clouds
555,Katsuura,JP,35.1333,140.3,52.0,60,54,18.72,broken clouds
556,Puerto Madryn,AR,-42.7692,-65.0385,63.88,53,85,12.41,overcast clouds
557,Bayan,CN,46.0833,127.4,32.27,46,1,2.28,clear sky
558,Mount Isa,AU,-20.7333,139.5,69.8,52,37,4.61,scattered clouds
559,Tiznit,MA,29.5833,-9.5,56.77,64,53,2.26,broken clouds
560,Ruidoso,US,33.3317,-105.673,70.0,10,20,16.11,few clouds
561,Japura,ID,-0.3167,102.35,73.62,98,97,1.7,overcast clouds
562,Hualmay,PE,-11.0964,-77.6139,71.67,81,75,7.31,broken clouds
563,Zeya,RU,53.75,127.2667,15.39,75,18,1.86,few clouds
564,Masyaf,SY,35.0653,36.3406,59.0,82,40,9.22,scattered clouds
565,Kropotkin,RU,45.4375,40.5756,44.01,79,100,10.89,light rain
566,Gannan,CN,47.9147,123.5031,38.37,31,99,5.08,overcast clouds
567,Hoquiam,US,46.9809,-123.8893,54.0,57,1,14.97,clear sky
568,Arkhangelsk,RU,64.5401,40.5433,37.4,93,90,4.47,moderate rain
569,Nyalikungu,TZ,-3.1833,33.7833,62.94,92,24,5.3,few clouds
570,Sulangan,PH,11.1373,123.7228,80.62,74,91,10.0,overcast clouds
571,Mataram,ID,-8.5833,116.1167,77.0,94,75,1.14,broken clouds
572,Luwuk,ID,-0.9516,122.7875,77.07,93,99,3.67,overcast clouds
573,Presidencia Roque Saenz Pena,AR,-26.7852,-60.4388,86.0,67,89,1.99,overcast clouds
574,College,US,64.8569,-147.8028,12.2,52,75,16.11,broken clouds
575,Forssa,FI,60.8146,23.6215,26.01,85,5,1.99,clear sky
576,Limon,CR,10.0,-83.0333,81.36,75,100,5.61,overcast clouds
577,Taksimo,RU,56.3444,114.8794,28.67,95,100,3.09,light snow
578,Kununurra,AU,-15.7667,128.7333,71.6,94,60,5.75,broken clouds
579,Usinsk,RU,65.9939,57.5281,36.23,86,54,16.62,broken clouds
580,Ballina,AU,-28.8667,153.5667,68.0,88,16,4.61,few clouds
581,High Prairie,CA,55.4334,-116.4858,32.0,55,87,11.5,overcast clouds
582,Sisimiut,GL,66.9395,-53.6735,33.46,94,100,17.94,snow
583,Mincivan,AZ,39.0294,46.7185,69.48,32,96,3.49,overcast clouds
584,Viedma,AR,-40.8135,-62.9967,64.56,60,2,9.89,clear sky
585,Barreirinhas,BR,-2.7469,-42.8264,77.85,88,100,7.92,overcast clouds
586,Sorong,ID,-0.8833,131.25,79.61,83,100,13.29,moderate rain
587,Katherine,AU,-14.4667,132.2667,71.6,88,74,2.3,broken clouds
588,Aasiaat,GL,68.7098,-52.8699,30.2,97,100,8.34,light snow
589,Touho,NC,-20.7833,165.2333,74.41,93,100,7.34,light rain
590,Montecristo,CO,8.2971,-74.4733,84.9,79,98,1.59,overcast clouds
591,Olafsvik,IS,64.8945,-23.7142,25.11,47,4,10.11,clear sky
592,Shenjiamen,CN,29.9576,122.298,53.56,62,92,12.82,overcast clouds
593,Puerto Narino,CO,-3.7703,-70.3831,86.0,74,75,4.61,broken clouds
594,Buraydah,SA,26.326,43.975,86.0,23,40,8.05,scattered clouds
595,Ariquemes,BR,-9.9133,-63.0408,76.15,94,100,1.99,moderate rain
596,Petatlan,MX,17.5167,-101.2667,86.0,62,1,6.93,clear sky
597,Salym,RU,60.0625,71.4789,31.21,90,12,7.83,few clouds
598,Grafton,US,42.207,-71.6856,63.0,48,1,8.05,clear sky
599,Kitimat,CA,54.0524,-128.6534,41.0,72,100,4.0,light snow
600,Horasan,TR,40.0458,42.1728,47.73,65,77,2.24,broken clouds
601,Shubarshi,KZ,48.5872,57.1869,44.76,79,6,8.43,clear sky
602,Omsukchan,RU,62.5333,155.8,6.28,89,85,4.32,overcast clouds
603,Aldan,RU,58.6031,125.3894,26.55,82,100,10.4,overcast clouds
604,Yakeshi,CN,49.2833,120.7333,34.83,57,53,4.85,broken clouds
605,Kontagora,NG,10.3999,5.4695,87.69,15,83,2.93,broken clouds
606,Kousseri,CM,12.0769,15.0306,91.4,14,6,5.75,clear sky
607,Orocue,CO,4.7912,-71.3354,80.82,76,99,8.39,overcast clouds
608,Vieques,PR,18.425,-65.8329,78.8,61,75,11.5,broken clouds
609,Amga,RU,60.8953,131.9608,23.34,79,100,8.25,overcast clouds
610,Mana,GF,5.6592,-53.7767,76.6,91,100,8.37,overcast clouds
611,Tshela,CD,-4.9833,12.9333,73.44,98,100,1.74,light rain
612,Kosovska Mitrovica,XK,42.8833,20.8667,32.0,64,0,1.14,clear sky
613,Cap-Aux-Meules,CA,47.3821,-61.8597,39.2,87,6,16.11,clear sky
614,San Vicente,AR,-26.6167,-54.1333,71.15,57,54,3.2,broken clouds
615,Rocha,UY,-34.4833,-54.3333,71.73,78,100,6.96,overcast clouds
616,Olga,RU,43.7444,135.2892,33.13,52,100,9.62,overcast clouds
617,Marstal,DK,54.8562,10.5173,42.8,75,90,14.97,overcast clouds
618,Mgandu,TZ,-5.95,34.1333,58.91,97,15,4.65,few clouds
619,Balapur,IN,20.6667,76.7667,88.39,18,75,9.17,broken clouds
620,Ikovka,RU,55.6089,64.9375,33.1,99,100,3.87,overcast clouds
621,Sabha,LY,27.0377,14.4283,75.9,18,0,25.37,clear sky
622,Isla Vista,US,34.4133,-119.861,80.6,28,1,12.66,clear sky
623,Santa Rosa,PH,14.3122,121.1114,82.0,74,75,5.75,broken clouds
624,Bilma,NE,18.6853,12.9164,83.39,7,0,4.76,clear sky
625,Broome,US,42.2506,-75.833,69.8,35,1,9.22,clear sky
626,Gat,IL,31.61,34.7642,63.0,100,17,5.39,few clouds
627,Havre-Saint-Pierre,CA,50.2334,-63.5986,46.4,66,90,5.75,overcast clouds
628,Cap Malheureux,MU,-19.9842,57.6142,80.01,70,100,4.0,overcast clouds
629,Jimma,ET,7.6667,36.8333,65.12,57,92,2.59,overcast clouds
630,Sandy Bay,AU,-42.913,147.3532,53.6,62,75,5.75,moderate rain
631,Itoman,JP,26.1247,127.6694,68.0,68,75,8.05,broken clouds
632,Vilcun,CL,-38.65,-72.2333,60.8,67,40,9.22,scattered clouds
633,Rundu,NA,-17.9333,19.7667,66.4,60,36,5.93,scattered clouds
634,Prince Rupert,CA,54.3161,-130.3201,39.2,81,90,16.11,snow
635,Talas,TR,38.6908,35.5538,50.0,57,20,11.5,few clouds
636,Mecca,SA,21.4267,39.8261,78.8,45,78,3.38,broken clouds
637,Onega,RU,63.9061,38.1404,31.1,96,100,15.19,light snow
638,Flin Flon,CA,54.7682,-101.865,50.0,34,90,10.36,overcast clouds
639,Tucuma,BR,-0.1833,-50.05,76.75,89,100,5.59,moderate rain
640,Abu Kamal,SY,34.4506,40.9171,75.29,22,57,4.7,broken clouds
641,Tura,IN,25.5198,90.2201,70.7,80,0,4.94,clear sky
642,Colares,PT,38.7992,-9.4469,62.01,77,100,8.01,overcast clouds
643,Yatou,CN,37.15,122.3833,43.86,67,71,6.04,broken clouds
644,Isla Mujeres,MX,21.2311,-86.731,82.4,69,75,14.97,broken clouds
645,Ahipara,NZ,-35.1667,173.1667,66.9,75,100,10.18,overcast clouds
646,Kizilskoye,RU,52.7255,58.8937,31.64,97,45,3.24,scattered clouds
647,Essenbach,DE,48.6167,12.2167,30.0,81,9,4.0,clear sky
648,Ruwi,OM,23.5996,58.5507,91.4,19,0,16.11,clear sky
649,Iracoubo,GF,5.4802,-53.2011,75.24,93,100,8.16,overcast clouds
650,Kargasok,RU,59.0556,80.8572,33.04,79,100,3.76,overcast clouds
651,Seymchan,RU,62.8833,152.4333,-2.65,96,100,2.91,overcast clouds
652,Madera,US,37.1666,-119.8343,73.0,43,4,1.01,clear sky
653,Iwaki,JP,37.05,140.8833,46.99,54,43,7.0,scattered clouds
654,Slantsy,RU,59.1182,28.0914,29.1,75,17,7.34,few clouds
655,Pointe Michel,DM,15.25,-61.3833,84.2,74,20,3.44,few clouds
656,Mackenzie,CA,55.2999,-123.1698,37.4,38,90,9.22,overcast clouds
657,Haines Junction,CA,60.7522,-137.5108,19.4,68,100,1.14,light snow
658,Harper,LR,4.375,-7.7169,79.65,86,11,3.98,light rain
659,Awjilah,LY,29.1081,21.2869,69.19,19,15,10.33,few clouds
660,Jinhua,CN,29.1078,119.6547,50.5,92,100,1.57,overcast clouds
661,Atchison,US,39.563,-95.1216,50.0,93,100,14.85,light rain
662,San Jeronimo,PE,-11.9472,-75.2829,57.43,67,96,3.0,overcast clouds
663,Puerto Ayacucho,VE,5.6639,-67.6236,78.17,88,100,6.04,light rain
664,Popondetta,PG,-8.7537,148.2534,76.68,87,100,1.16,overcast clouds
665,Muncie,US,40.1934,-85.3864,61.0,82,90,8.05,overcast clouds
666,Campbell River,CA,50.0163,-125.2446,52.0,43,75,5.75,broken clouds
667,Mercedes,AR,-34.6515,-59.4307,75.99,91,94,7.0,moderate rain
668,Bubaque,GW,11.2833,-15.8333,76.69,74,8,19.73,clear sky
669,Okahandja,NA,-21.9833,16.9167,64.99,59,0,4.61,clear sky
670,Fakel,RU,57.6325,53.0252,35.96,97,100,8.86,overcast clouds
671,Karla,EE,59.3723,24.9275,30.99,80,0,6.91,clear sky
672,Solnechnyy,RU,50.7214,136.6319,25.34,82,100,7.94,overcast clouds
673,Samarai,PG,-10.6167,150.6667,80.38,82,100,11.7,overcast clouds
674,Torrijos,ES,39.9819,-4.2835,63.0,45,100,5.39,overcast clouds
675,Pangnirtung,CA,66.1451,-65.7125,24.8,86,90,14.97,snow
